"";"CNT";"GINI"
"1";"Albania";0,28354433862564
"2";"Albania";0,279373862685502
"3";"Albania";0,274702148019742
"4";"Albania";0,26972045517568
"5";"Albania";0,264632735243675
"6";"Albania";0,259647280075526
"7";"Albania";0,254968194791583
"8";"Albania";0,250787041693139
"9";"Albania";0,247274997679309
"10";"Albania";0,244575846244667
"11";"Albania";0,242800090966085
"12";"Albania";0,24202043147331
"13";"Albania";0,242268787117582
"14";"Albania";0,243534990189644
"15";"Albania";0,245767202186953
"16";"Albania";0,248874036088066
"17";"Albania";0,252728297748034
"18";"Albania";0,25717219324164
"19";"Albania";0,262023788965242
"20";"Albania";0,267084460019877
"21";"Albania";0,272147021937964
"22";"Albania";0,277004212839751
"23";"Albania";0,281457178759024
"24";"Albania";0,285323614747845
"25";"Albania";0,288445228462547
"26";"Albania";0,290694220670873
"27";"Albania";0,291978517367572
"28";"Albania";0,29224553929498
"29";"Albania";0,291484354544017
"30";"Albania";0,289726126107823
"31";"Albania";0,287042836065157
"32";"Albania";0,28354433862564
"33";"United Arab Emirates";0,395647383866152
"34";"United Arab Emirates";0,394005345493337
"35";"United Arab Emirates";0,392072436463656
"36";"United Arab Emirates";0,389927790299892
"37";"United Arab Emirates";0,387659209067973
"38";"United Arab Emirates";0,385359568750082
"39";"United Arab Emirates";0,383123016891029
"40";"United Arab Emirates";0,381041118186707
"41";"United Arab Emirates";0,379199105814685
"42";"United Arab Emirates";0,3776723919779
"43";"United Arab Emirates";0,376523480520211
"44";"United Arab Emirates";0,375799408011688
"45";"United Arab Emirates";0,375529818065904
"46";"United Arab Emirates";0,375725747726915
"47";"United Arab Emirates";0,376379175611379
"48";"United Arab Emirates";0,377463350304931
"49";"United Arab Emirates";0,378933885568232
"50";"United Arab Emirates";0,380730577514822
"51";"United Arab Emirates";0,382779869365305
"52";"United Arab Emirates";0,384997862870541
"53";"United Arab Emirates";0,387293753115822
"54";"United Arab Emirates";0,389573546084752
"55";"United Arab Emirates";0,391743906785316
"56";"United Arab Emirates";0,393715980395429
"57";"United Arab Emirates";0,395409029989783
"58";"United Arab Emirates";0,39675374191906
"59";"United Arab Emirates";0,397695063518879
"60";"United Arab Emirates";0,398194456972342
"61";"United Arab Emirates";0,398231477052789
"62";"United Arab Emirates";0,397804608153777
"63";"United Arab Emirates";0,396931326338186
"64";"United Arab Emirates";0,395647383866152
"65";"Argentina";0,36820246278617
"66";"Argentina";0,364922575957825
"67";"Argentina";0,361015377689501
"68";"Argentina";0,356640829137379
"69";"Argentina";0,351978024833172
"70";"Argentina";0,347217860532949
"71";"Argentina";0,342555217922458
"72";"Argentina";0,338180986138008
"73";"Argentina";0,334274246742806
"74";"Argentina";0,330994942106714
"75";"Argentina";0,328477327346836
"76";"Argentina";0,326824473907247
"77";"Argentina";0,326104049801967
"78";"Argentina";0,326345549278512
"79";"Argentina";0,327539085319937
"80";"Argentina";0,329635794420472
"81";"Argentina";0,332549837063188
"82";"Argentina";0,336161911999907
"83";"Argentina";0,340324140458319
"84";"Argentina";0,344866120316295
"85";"Argentina";0,34960190238479
"86";"Argentina";0,354337603189489
"87";"Argentina";0,358879342583026
"88";"Argentina";0,363041181220998
"89";"Argentina";0,366652732940572
"90";"Argentina";0,369566140390008
"91";"Argentina";0,371662128326016
"92";"Argentina";0,372854886756227
"93";"Argentina";0,373095584010366
"94";"Argentina";0,372374365914568
"95";"Argentina";0,370720759222413
"96";"Argentina";0,36820246278617
"97";"Australia";0,363084740148497
"98";"Australia";0,361924639950083
"99";"Australia";0,360603536194328
"100";"Australia";0,359175515024216
"101";"Australia";0,357699039794237
"102";"Australia";0,356234557573784
"103";"Australia";0,354842024437033
"104";"Australia";0,353578450854216
"105";"Australia";0,35249556767628
"106";"Australia";0,351637708267761
"107";"Australia";0,351039993493638
"108";"Australia";0,350726893866993
"109";"Australia";0,350711227723329
"110";"Australia";0,350993636436407
"111";"Australia";0,351562558160332
"112";"Australia";0,352394701172882
"113";"Australia";0,35345599744135
"114";"Australia";0,354702997371807
"115";"Australia";0,356084648640586
"116";"Australia";0,357544386282404
"117";"Australia";0,359022448466695
"118";"Australia";0,360458323153967
"119";"Australia";0,361793225465816
"120";"Australia";0,362972504344752
"121";"Australia";0,363947879974909
"122";"Australia";0,364679420363389
"123";"Australia";0,365137176160734
"124";"Australia";0,365302406790818
"125";"Australia";0,36516834769223
"126";"Australia";0,364740487260218
"127";"Australia";0,364036342151141
"128";"Australia";0,363084740148497
"129";"Austria";0,209106057634551
"130";"Austria";0,206291519322908
"131";"Austria";0,203102900264297
"132";"Austria";0,199670742897623
"133";"Austria";0,19613556014874
"134";"Austria";0,192642082814752
"135";"Austria";0,18933333426818
"136";"Austria";0,186344775063282
"137";"Austria";0,183798757165047
"138";"Austria";0,181799514845373
"139";"Austria";0,180428897319728
"140";"Austria";0,179743017830654
"141";"Austria";0,17976995636502
"142";"Austria";0,180508610056065
"143";"Austria";0,181928738334888
"144";"Austria";0,183972200982897
"145";"Austria";0,186555338399185
"146";"Austria";0,189572396634425
"147";"Austria";0,192899856969975
"148";"Austria";0,196401492788739
"149";"Austria";0,199933946708872
"150";"Austria";0,203352599651837
"151";"Austria";0,206517491564476
"152";"Austria";0,209299051400025
"153";"Austria";0,211583401771998
"154";"Austria";0,213277021107766
"155";"Austria";0,214310572432732
"156";"Austria";0,214641742034214
"157";"Austria";0,214256971789816
"158";"Austria";0,213172014238553
"159";"Austria";0,211431287670051
"160";"Austria";0,209106057634551
"161";"Belgium";0,231531810271746
"162";"Belgium";0,229638084502392
"163";"Belgium";0,227512211754941
"164";"Belgium";0,225241225509453
"165";"Belgium";0,222918100209649
"166";"Belgium";0,220637944878258
"167";"Belgium";0,218494109342453
"168";"Belgium";0,216574362480962
"169";"Belgium";0,214957298955853
"170";"Belgium";0,213709121537842
"171";"Belgium";0,212880930757077
"172";"Belgium";0,212506632841431
"173";"Belgium";0,212601551591547
"174";"Belgium";0,213161801022645
"175";"Belgium";0,214164444457188
"176";"Belgium";0,215568433555161
"177";"Belgium";0,21731628883793
"178";"Belgium";0,219336452904856
"179";"Belgium";0,221546220001678
"180";"Belgium";0,223855122003817
"181";"Belgium";0,22616863219202
"182";"Belgium";0,228392035187356
"183";"Belgium";0,230434304609958
"184";"Belgium";0,232211829709708
"185";"Belgium";0,233651838400171
"186";"Belgium";0,234695376556367
"187";"Belgium";0,23529972160357
"188";"Belgium";0,235440131584539
"189";"Belgium";0,235110858098158
"190";"Belgium";0,234325381639646
"191";"Belgium";0,233115859707504
"192";"Belgium";0,231531810271746
"193";"Bulgaria";0,15222992662494
"194";"Bulgaria";0,149428238545329
"195";"Bulgaria";0,14631359992978
"196";"Bulgaria";0,143013524449165
"197";"Bulgaria";0,139663117581405
"198";"Bulgaria";0,136399545377322
"199";"Bulgaria";0,133356418866404
"200";"Bulgaria";0,13065832400556
"201";"Bulgaria";0,128415721115406
"202";"Bulgaria";0,12672042262176
"203";"Bulgaria";0,12564183424414
"204";"Bulgaria";0,125224113517455
"205";"Bulgaria";0,125484361977336
"206";"Bulgaria";0,126411925021257
"207";"Bulgaria";0,127968828109216
"208";"Bulgaria";0,130091331445864
"209";"Bulgaria";0,132692539495214
"210";"Bulgaria";0,135665958494098
"211";"Bulgaria";0,138889856319339
"212";"Bulgaria";0,14223224621518
"213";"Bulgaria";0,145556290346571
"214";"Bulgaria";0,148725901956214
"215";"Bulgaria";0,151611316772397
"216";"Bulgaria";0,154094405573524
"217";"Bulgaria";0,156073510412326
"218";"Bulgaria";0,157467606504166
"219";"Bulgaria";0,158219619391247
"220";"Bulgaria";0,158298761577614
"221";"Bulgaria";0,157701792972857
"222";"Bulgaria";0,156453153541796
"223";"Bulgaria";0,154603962729447
"224";"Bulgaria";0,15222992662494
"225";"Brazil";0,518923551546499
"226";"Brazil";0,517336730425948
"227";"Brazil";0,515478574711724
"228";"Brazil";0,513425157517093
"229";"Brazil";0,511260545983269
"230";"Brazil";0,509073359560777
"231";"Brazil";0,506953141918739
"232";"Brazil";0,504986695016533
"233";"Brazil";0,503254525421384
"234";"Brazil";0,501827548360039
"235";"Brazil";0,500764184441052
"236";"Brazil";0,500107967908206
"237";"Brazil";0,499885764343458
"238";"Brazil";0,500106670786856
"239";"Brazil";0,500761643302653
"240";"Brazil";0,501823867239096
"241";"Brazil";0,50324985502342
"242";"Brazil";0,50498122654819
"243";"Brazil";0,506947099259753
"244";"Brazil";0,509066990098318
"245";"Brazil";0,511254110483877
"246";"Brazil";0,51341891945087
"247";"Brazil";0,515472789465834
"248";"Brazil";0,517331634849037
"249";"Brazil";0,518919354252085
"250";"Brazil";0,520170946256069
"251";"Brazil";0,52103517053729
"252";"Brazil";0,521476645652132
"253";"Brazil";0,521477297557522
"254";"Brazil";0,521037099564378
"255";"Brazil";0,52017407343026
"256";"Brazil";0,518923551546499
"257";"Canada";0,574356806281318
"258";"Canada";0,573492181129579
"259";"Canada";0,572449510269488
"260";"Canada";0,571271480768565
"261";"Canada";0,570006321292992
"262";"Canada";0,568705827620347
"263";"Canada";0,567423242114391
"264";"Canada";0,566211073976435
"265";"Canada";0,565118949512469
"266";"Canada";0,564191580426369
"267";"Canada";0,563466933317481
"268";"Canada";0,562974675323584
"269";"Canada";0,562734959544787
"270";"Canada";0,562757599973239
"271";"Canada";0,563041669707139
"272";"Canada";0,563575538898205
"273";"Canada";0,564337350879027
"274";"Canada";0,565295916977601
"275";"Canada";0,566411993385226
"276";"Canada";0,567639887802638
"277";"Canada";0,568929330088119
"278";"Canada";0,570227530322997
"279";"Canada";0,571481340037124
"280";"Canada";0,572639428113489
"281";"Canada";0,573654382290174
"282";"Canada";0,574484650223934
"283";"Canada";0,57509624064801
"284";"Canada";0,575464114978579
"285";"Canada";0,575573212397326
"286";"Canada";0,575419066443108
"287";"Canada";0,575007987869403
"288";"Canada";0,574356806281318
"289";"Switzerland";0,517694776305404
"290";"Switzerland";0,515534579046659
"291";"Switzerland";0,513105409626413
"292";"Switzerland";0,510506718526145
"293";"Switzerland";0,507844896464833
"294";"Switzerland";0,505228918750419
"295";"Switzerland";0,502765883817896
"296";"Switzerland";0,500556628606794
"297";"Switzerland";0,498691600285033
"298";"Switzerland";0,497247153331237
"299";"Switzerland";0,49628242357341
"300";"Switzerland";0,495836907161188
"301";"Switzerland";0,495928843588835
"302";"Switzerland";0,496554468968199
"303";"Switzerland";0,497688170122741
"304";"Switzerland";0,499283533193991
"305";"Switzerland";0,501275243830365
"306";"Switzerland";0,503581761164393
"307";"Switzerland";0,506108656105415
"308";"Switzerland";0,508752477277649
"309";"Switzerland";0,511404986331668
"310";"Switzerland";0,513957589235144
"311";"Switzerland";0,516305782125289
"312";"Switzerland";0,518353429709282
"313";"Switzerland";0,520016701054444
"314";"Switzerland";0,521227501636478
"315";"Switzerland";0,521936261137294
"316";"Switzerland";0,522113962859652
"317";"Switzerland";0,521753331674159
"318";"Switzerland";0,520869131863922
"319";"Switzerland";0,519497562673062
"320";"Switzerland";0,517694776305404
"321";"Chile";0,282009599007398
"322";"Chile";0,280231712081006
"323";"Chile";0,278126062198245
"324";"Chile";0,27577885491272
"325";"Chile";0,273286185166484
"326";"Chile";0,270750103151824
"327";"Chile";0,268274436364399
"328";"Chile";0,265960538893363
"329";"Chile";0,263903141973052
"330";"Chile";0,262186475675118
"331";"Chile";0,260880820519497
"332";"Chile";0,260039630181669
"333";"Chile";0,2596973430929
"334";"Chile";0,259867972526822
"335";"Chile";0,260544532894361
"336";"Chile";0,261699325734578
"337";"Chile";0,263285073692912
"338";"Chile";0,265236856061631
"339";"Chile";0,267474766641236
"340";"Chile";0,269907185109654
"341";"Chile";0,272434527968991
"342";"Chile";0,274953325505635
"343";"Chile";0,27736045785249
"344";"Chile";0,279557376728451
"345";"Chile";0,281454140016607
"346";"Chile";0,282973094005082
"347";"Chile";0,284052052539118
"348";"Chile";0,284646842929559
"349";"Chile";0,284733114387936
"350";"Chile";0,284307334950607
"351";"Chile";0,283386936077761
"352";"Chile";0,282009599007398
"353";"Colombia";0,535010190073065
"354";"Colombia";0,531460644925364
"355";"Colombia";0,527373518083018
"356";"Colombia";0,522916136999167
"357";"Colombia";0,518270987379105
"358";"Colombia";0,51362824219406
"359";"Colombia";0,509177975977407
"360";"Colombia";0,505102383150939
"361";"Colombia";0,501568318963833
"362";"Colombia";0,498720468419146
"363";"Colombia";0,496675422852784
"364";"Colombia";0,495516906670517
"365";"Colombia";0,495292349660967
"366";"Colombia";0,49601094521449
"367";"Colombia";0,497643273944692
"368";"Colombia";0,500122508121568
"369";"Colombia";0,503347147606621
"370";"Colombia";0,507185175280452
"371";"Colombia";0,511479461839146
"372";"Colombia";0,516054198686433
"373";"Colombia";0,520722095558275
"374";"Colombia";0,525292048208286
"375";"Colombia";0,529576962238027
"376";"Colombia";0,533401412763665
"377";"Colombia";0,536608826331325
"378";"Colombia";0,539067891052694
"379";"Colombia";0,54067793252915
"380";"Colombia";0,541373035473474
"381";"Colombia";0,541124742289457
"382";"Colombia";0,539943218129224
"383";"Colombia";0,537876834730718
"384";"Colombia";0,535010190073065
"385";"Costa Rica";0,296660331603192
"386";"Costa Rica";0,292567721152775
"387";"Costa Rica";0,287905529114895
"388";"Costa Rica";0,282864626179369
"389";"Costa Rica";0,277651387504658
"390";"Costa Rica";0,272479243694634
"391";"Costa Rica";0,267559942924581
"392";"Costa Rica";0,263094881946017
"393";"Costa Rica";0,259266860880027
"394";"Costa Rica";0,256232599358828
"395";"Costa Rica";0,254116320405606
"396";"Costa Rica";0,253004664729359
"397";"Costa Rica";0,252943143644088
"398";"Costa Rica";0,25393427583025
"399";"Costa Rica";0,255937484219692
"400";"Costa Rica";0,258870757225583
"401";"Costa Rica";0,262614006306416
"402";"Costa Rica";0,26701398240501
"403";"Costa Rica";0,271890549982912
"404";"Costa Rica";0,277044061790511
"405";"Costa Rica";0,282263532448893
"406";"Costa Rica";0,28733527621604
"407";"Costa Rica";0,292051655306222
"408";"Costa Rica";0,296219580605335
"409";"Costa Rica";0,299668416761923
"410";"Costa Rica";0,302256968018515
"411";"Costa Rica";0,303879258782523
"412";"Costa Rica";0,304468872279459
"413";"Costa Rica";0,304001669663481
"414";"Costa Rica";0,302496778264581
"415";"Costa Rica";0,300015808513447
"416";"Costa Rica";0,296660331603192
"417";"Czech Republic";0,391201179834759
"418";"Czech Republic";0,389738176435554
"419";"Czech Republic";0,388020036474001
"420";"Czech Republic";0,386117100801999
"421";"Czech Republic";0,384107275829544
"422";"Czech Republic";0,382072844027155
"423";"Czech Republic";0,380097095271856
"424";"Czech Republic";0,378260916949829
"425";"Czech Republic";0,376639482417321
"426";"Czech Republic";0,375299173394603
"427";"Czech Republic";0,374294862290544
"428";"Czech Republic";0,373667665719746
"429";"Czech Republic";0,37344326118351
"430";"Czech Republic";0,373630835829916
"431";"Czech Republic";0,374222710330901
"432";"Czech Republic";0,375194653274853
"433";"Czech Republic";0,376506873203447
"434";"Czech Republic";0,378105647678627
"435";"Czech Republic";0,379925522685533
"436";"Czech Republic";0,381891992327554
"437";"Czech Republic";0,383924549106496
"438";"Czech Republic";0,385939979909014
"439";"Czech Republic";0,38785577276125
"440";"Czech Republic";0,389593494878736
"441";"Czech Republic";0,391082003713811
"442";"Czech Republic";0,392260359539872
"443";"Czech Republic";0,393080320330951
"444";"Czech Republic";0,393508316795919
"445";"Czech Republic";0,393526826709213
"446";"Czech Republic";0,393135092272808
"447";"Czech Republic";0,392349151140557
"448";"Czech Republic";0,391201179834759
"449";"Germany";0,170167755915815
"450";"Germany";0,168056018511077
"451";"Germany";0,16560617810461
"452";"Germany";0,162918531450498
"453";"Germany";0,160103111118546
"454";"Germany";0,157275180747941
"455";"Germany";0,154550516140324
"456";"Germany";0,152040665384865
"457";"Germany";0,149848382066388
"458";"Germany";0,148063418521533
"459";"Germany";0,146758851367551
"460";"Germany";0,145988089737006
"461";"Germany";0,145782688701614
"462";"Germany";0,146151057403896
"463";"Germany";0,147078114785901
"464";"Germany";0,148525907009484
"465";"Germany";0,150435161290903
"466";"Germany";0,152727712535549
"467";"Germany";0,155309703426103
"468";"Germany";0,158075426952134
"469";"Germany";0,160911654067529
"470";"Germany";0,16370226930094
"471";"Germany";0,166333024536829
"472";"Germany";0,168696216346736
"473";"Germany";0,170695095380302
"474";"Germany";0,172247827295034
"475";"Germany";0,173290843063905
"476";"Germany";0,173781441498787
"477";"Germany";0,173699537442114
"478";"Germany";0,17304848405559
"479";"Germany";0,171854935541354
"480";"Germany";0,170167755915815
"481";"Denmark";0,464637376418103
"482";"Denmark";0,462252400232991
"483";"Denmark";0,459459345249325
"484";"Denmark";0,456372559466306
"485";"Denmark";0,453118416256574
"486";"Denmark";0,44983014062548
"487";"Denmark";0,446642354963718
"488";"Denmark";0,443685567590828
"489";"Denmark";0,441080829729265
"490";"Denmark";0,438934779653124
"491";"Denmark";0,437335276904673
"492";"Denmark";0,436347805314368
"493";"Denmark";0,436012792085138
"494";"Denmark";0,436343952697951
"495";"Denmark";0,437327729398407
"496";"Denmark";0,438923846252802
"497";"Denmark";0,441066958049581
"498";"Denmark";0,443669325539979
"499";"Denmark";0,446624407493173
"500";"Denmark";0,449811222506793
"501";"Denmark";0,453099301999746
"502";"Denmark";0,456354031611258
"503";"Denmark";0,459442162328619
"504";"Denmark";0,46223726571742
"505";"Denmark";0,464624909916512
"506";"Denmark";0,46650734449185
"507";"Denmark";0,467807502350741
"508";"Denmark";0,468472154877681
"509";"Denmark";0,468474091120124
"510";"Denmark";0,467813231808076
"511";"Denmark";0,46651663259942
"512";"Denmark";0,464637376418103
"513";"Spain";0,598479593185536
"514";"Spain";0,597551534739638
"515";"Spain";0,59645885481132
"516";"Spain";0,595246287845233
"517";"Spain";0,593963476475438
"518";"Spain";0,592662939150139
"519";"Spain";0,59139792002024
"520";"Spain";0,590220209117553
"521";"Spain";0,589178022064808
"522";"Spain";0,588314026122397
"523";"Spain";0,587663593385718
"524";"Spain";0,587253352647432
"525";"Spain";0,587100099211567
"526";"Spain";0,587210107291793
"527";"Spain";0,58757887314438
"528";"Spain";0,588191299451996
"529";"Spain";0,589022313409649
"530";"Spain";0,590037893208273
"531";"Spain";0,591196460891587
"532";"Spain";0,59245058456251
"533";"Spain";0,593748920250601
"534";"Spain";0,595038313940242
"535";"Spain";0,596265977702282
"536";"Spain";0,597381650838058
"537";"Spain";0,598339657558306
"538";"Spain";0,599100776955337
"539";"Spain";0,59963384871161
"540";"Spain";0,599917048806789
"541";"Spain";0,599938782995703
"542";"Spain";0,599698161478105
"543";"Spain";0,599205035327196
"544";"Spain";0,598479593185536
"545";"Estonia";0,213831286601214
"546";"Estonia";0,210688040300087
"547";"Estonia";0,207119800608036
"548";"Estonia";0,203272651677305
"549";"Estonia";0,199304096237139
"550";"Estonia";0,195376607413543
"551";"Estonia";0,191650977060417
"552";"Estonia";0,188279732922158
"553";"Estonia";0,185400894129894
"554";"Estonia";0,183132320682027
"555";"Estonia";0,18156688824206
"556";"Estonia";0,180768685798016
"557";"Estonia";0,180770391851738
"558";"Estonia";0,181571936557187
"559";"Estonia";0,183140504579943
"560";"Estonia";0,185411878560858
"561";"Estonia";0,188293068182275
"562";"Estonia";0,191666117202571
"563";"Estonia";0,195392932598536
"564";"Estonia";0,199320938109979
"565";"Estonia";0,203289320729739
"566";"Estonia";0,207135614407099
"567";"Estonia";0,210702351426986
"568";"Estonia";0,213843509156734
"569";"Estonia";0,216430488229816
"570";"Estonia";0,218357377419022
"571";"Estonia";0,219545289654547
"572";"Estonia";0,219945591669894
"573";"Estonia";0,219541895053523
"574";"Estonia";0,218350727192338
"575";"Estonia";0,216420854638534
"576";"Estonia";0,213831286601214
"577";"Finland";0,454069109475626
"578";"Finland";0,452483686669611
"579";"Finland";0,450560472890007
"580";"Finland";0,448378204734918
"581";"Finland";0,446026224519021
"582";"Finland";0,443600822588698
"583";"Finland";0,441201295183951
"584";"Finland";0,438925879238662
"585";"Finland";0,436867730548982
"586";"Finland";0,435111109964088
"587";"Finland";0,43372793373712
"588";"Finland";0,432774829265326
"589";"Finland";0,432290816757766
"590";"Finland";0,432295711743369
"591";"Finland";0,43278931382085
"592";"Finland";0,433751414863161
"593";"Finland";0,435142626340586
"594";"Finland";0,436905991891781
"595";"Finland";0,438969319123891
"596";"Finland";0,441248135177606
"597";"Finland";0,443649145055934
"598";"Finland";0,446074051132352
"599";"Finland";0,448423577467176
"600";"Finland";0,450601534176201
"601";"Finland";0,452518755455861
"602";"Finland";0,454096750041701
"603";"Finland";0,455270914649972
"604";"Finland";0,455993178843652
"605";"Finland";0,45623397304179
"606";"Finland";0,455983439101622
"607";"Finland";0,455251833912094
"608";"Finland";0,454069109475626
"609";"France";0,130046203456355
"610";"France";0,129146769174306
"611";"France";0,127958310575574
"612";"France";0,126529483294829
"613";"France";0,124918783688826
"614";"France";0,123192153988683
"615";"France";0,121420282617195
"616";"France";0,119675710196496
"617";"France";0,118029859726467
"618";"France";0,116550112518733
"619";"France";0,115297049597839
"620";"France";0,114321971506996
"621";"France";0,11366479805781
"622";"France";0,113352434008505
"623";"France";0,113397667579961
"624";"France";0,113798646904448
"625";"France";0,114538955841308
"626";"France";0,115588286055684
"627";"France";0,116903677845307
"628";"France";0,11843127891576
"629";"France";0,120108549099731
"630";"France";0,121866820758819
"631";"France";0,123634110044712
"632";"France";0,125338063926398
"633";"France";0,126908922331754
"634";"France";0,128282374133098
"635";"France";0,129402190052308
"636";"France";0,13022252469408
"637";"France";0,130709793461794
"638";"France";0,130844047514848
"639";"France";0,130619790476536
"640";"France";0,130046203456355
"641";"United Kingdom";0,591420564536855
"642";"United Kingdom";0,59044133348378
"643";"United Kingdom";0,589302418514904
"644";"United Kingdom";0,588050446942871
"645";"United Kingdom";0,586736674630938
"646";"United Kingdom";0,58541488757192
"647";"United Kingdom";0,584139199883315
"648";"United Kingdom";0,582961838368981
"649";"United Kingdom";0,58193100434765
"650";"United Kingdom";0,581088900285272
"651";"United Kingdom";0,580470002021105
"652";"United Kingdom";0,580099647322801
"653";"United Kingdom";0,579992998555224
"654";"United Kingdom";0,580154421931448
"655";"United Kingdom";0,580577308759484
"656";"United Kingdom";0,581244346002906
"657";"United Kingdom";0,582128225078595
"658";"United Kingdom";0,58319275987334
"659";"United Kingdom";0,584394368207567
"660";"United Kingdom";0,58568385609489
"661";"United Kingdom";0,587008431749693
"662";"United Kingdom";0,588313866889038
"663";"United Kingdom";0,589546716844937
"664";"United Kingdom";0,590656508595344
"665";"United Kingdom";0,5915978071356
"666";"United Kingdom";0,59233207559287
"667";"United Kingdom";0,59282925293024
"668";"United Kingdom";0,593068984649103
"669";"United Kingdom";0,593041456104721
"670";"United Kingdom";0,592747794318936
"671";"United Kingdom";0,592200021839761
"672";"United Kingdom";0,591420564536855
"673";"Greece";0,201358364260061
"674";"Greece";0,198528787236471
"675";"Greece";0,195222802384326
"676";"Greece";0,19157575711191
"677";"Greece";0,187736961881186
"678";"Greece";0,183863577419939
"679";"Greece";0,180114180543115
"680";"Greece";0,176642271999387
"681";"Greece";0,173589992132468
"682";"Greece";0,171082301638736
"683";"Greece";0,169221865661646
"684";"Greece";0,168084850668692
"685";"Greece";0,167717806187279
"686";"Greece";0,168135759061603
"687";"Greece";0,169321598251881
"688";"Greece";0,171226775362332
"689";"Greece";0,173773292218206
"690";"Greece";0,176856894120221
"691";"Greece";0,180351338044201
"692";"Greece";0,184113561045317
"693";"Greece";0,187989537271862
"694";"Greece";0,191820583801712
"695";"Greece";0,195449857139809
"696";"Greece";0,198728774409267
"697";"Greece";0,201523096351818
"698";"Greece";0,203718423098817
"699";"Greece";0,205224877715301
"700";"Greece";0,20598078577227
"701";"Greece";0,205955200305057
"702";"Greece";0,205149168785694
"703";"Greece";0,203595690239291
"704";"Greece";0,201358364260061
"705";"Hong Kong-China";0,15188527664665
"706";"Hong Kong-China";0,148546469394017
"707";"Hong Kong-China";0,144593145267258
"708";"Hong Kong-China";0,140187153820618
"709";"Hong Kong-China";0,135508876861604
"710";"Hong Kong-China";0,130749843598592
"711";"Hong Kong-China";0,126104889412533
"712";"Hong Kong-China";0,121764179273563
"713";"Hong Kong-China";0,117905422364784
"714";"Hong Kong-China";0,114686596647424
"715";"Hong Kong-China";0,11223948122455
"716";"Hong Kong-China";0,110664261289097
"717";"Hong Kong-China";0,110025426530303
"718";"Hong Kong-China";0,110349130918253
"719";"Hong Kong-China";0,111622121957272
"720";"Hong Kong-China";0,11379228324465
"721";"Hong Kong-China";0,116770768122301
"722";"Hong Kong-China";0,120435637069375
"723";"Hong Kong-China";0,124636849920576
"724";"Hong Kong-China";0,129202408528154
"725";"Hong Kong-China";0,133945398386284
"726";"Hong Kong-China";0,138671640932898
"727";"Hong Kong-China";0,143187643242826
"728";"Hong Kong-China";0,147308519650893
"729";"Hong Kong-China";0,150865560992769
"730";"Hong Kong-China";0,153713141577984
"731";"Hong Kong-China";0,155734681122803
"732";"Hong Kong-China";0,156847417560739
"733";"Hong Kong-China";0,157005795331283
"734";"Hong Kong-China";0,156203330429901
"735";"Hong Kong-China";0,154472875863939
"736";"Hong Kong-China";0,15188527664665
"737";"Croatia";0,177095770800674
"738";"Croatia";0,173583523907128
"739";"Croatia";0,169593540999219
"740";"Croatia";0,165289172445999
"741";"Croatia";0,160846639601778
"742";"Croatia";0,156447820283175
"743";"Croatia";0,152272802669932
"744";"Croatia";0,148492512473679
"745";"Croatia";0,145261715219217
"746";"Croatia";0,142712680125745
"747";"Croatia";0,140949764989488
"748";"Croatia";0,14004514376326
"749";"Croatia";0,140035851746351
"750";"Croatia";0,140922269355023
"751";"Croatia";0,142668106548229
"752";"Croatia";0,145201888546152
"753";"Croatia";0,14841988201609
"754";"Croatia";0,152190341927286
"755";"Croatia";0,156358905207964
"756";"Croatia";0,160754910387629
"757";"Croatia";0,165198384497716
"758";"Croatia";0,169507411186073
"759";"Croatia";0,173505578393789
"760";"Croatia";0,177029200685615
"761";"Croatia";0,179934020550916
"762";"Croatia";0,182101114323105
"763";"Croatia";0,183441760928525
"764";"Croatia";0,183901074137632
"765";"Croatia";0,183460249613677
"766";"Croatia";0,182137334764466
"767";"Croatia";0,179986489879362
"768";"Croatia";0,177095770800674
"769";"Hungary";0,205742443179357
"770";"Hungary";0,202166243332885
"771";"Hungary";0,198096354639318
"772";"Hungary";0,193699398819963
"773";"Hungary";0,189155387762684
"774";"Hungary";0,184650353814065
"775";"Hungary";0,180368733593282
"776";"Hungary";0,176485817135242
"777";"Hungary";0,173160571495961
"778";"Hungary";0,170529132622611
"779";"Hungary";0,168699231931848
"780";"Hungary";0,167745785772955
"781";"Hungary";0,167707828343704
"782";"Hungary";0,168586913625706
"783";"Hungary";0,17034705176423
"784";"Hungary";0,172916182497076
"785";"Hungary";0,176189125310182
"786";"Hungary";0,180031885540224
"787";"Hungary";0,18428714013188
"788";"Hungary";0,188780678462196
"789";"Hungary";0,193328534543961
"790";"Hungary";0,197744518614836
"791";"Hungary";0,201847839768104
"792";"Hungary";0,20547050755363
"793";"Hungary";0,20846420952663
"794";"Hungary";0,210706383176584
"795";"Hungary";0,212105233650819
"796";"Hungary";0,212603491846561
"797";"Hungary";0,212180759014733
"798";"Hungary";0,210854341887141
"799";"Hungary";0,208678544136835
"800";"Hungary";0,205742443179357
"801";"Indonesia";0,291415987645915
"802";"Indonesia";0,286848702270103
"803";"Indonesia";0,281535611973755
"804";"Indonesia";0,275694235297865
"805";"Indonesia";0,269563718889876
"806";"Indonesia";0,263395046811837
"807";"Indonesia";0,25744076522341
"808";"Indonesia";0,251944643112425
"809";"Indonesia";0,247131692363871
"810";"Indonesia";0,243198955746893
"811";"Indonesia";0,240307439960666
"812";"Indonesia";0,238575524001218
"813";"Indonesia";0,238074112711419
"814";"Indonesia";0,238823733928387
"815";"Indonesia";0,240793698071423
"816";"Indonesia";0,24390335457705
"817";"Indonesia";0,248025393742558
"818";"Indonesia";0,252991058800193
"819";"Indonesia";0,258597054839054
"820";"Indonesia";0,264613871722633
"821";"Indonesia";0,270795180260771
"822";"Indonesia";0,276887916955644
"823";"Indonesia";0,282642644451097
"824";"Indonesia";0,287823763527314
"825";"Indonesia";0,292219158560561
"826";"Indonesia";0,295648881561738
"827";"Indonesia";0,297972519268201
"828";"Indonesia";0,299094941679234
"829";"Indonesia";0,298970196689448
"830";"Indonesia";0,297603391373383
"831";"Indonesia";0,295050482901271
"832";"Indonesia";0,291415987645915
"833";"Ireland";0,199273612748679
"834";"Ireland";0,197934269632058
"835";"Ireland";0,196422739700988
"836";"Ireland";0,194800905168442
"837";"Ireland";0,193135164130741
"838";"Ireland";0,191493712221685
"839";"Ireland";0,189943750675293
"840";"Ireland";0,188548735099387
"841";"Ireland";0,187365777595552
"842";"Ireland";0,186443308582986
"843";"Ireland";0,185819094051449
"844";"Ireland";0,185518689417205
"845";"Ireland";0,185554393281276
"846";"Ireland";0,185924743923271
"847";"Ireland";0,186614579144394
"848";"Ireland";0,187595657009638
"849";"Ireland";0,188827812075929
"850";"Ireland";0,190260599770081
"851";"Ireland";0,191835361595551
"852";"Ireland";0,193487626618176
"853";"Ireland";0,195149750913797
"854";"Ireland";0,196753686918461
"855";"Ireland";0,198233769303683
"856";"Ireland";0,199529403322707
"857";"Ireland";0,200587545566567
"858";"Ireland";0,20136487556747
"859";"Ireland";0,201829569343849
"860";"Ireland";0,201962602277898
"861";"Ireland";0,201758527985668
"862";"Ireland";0,201225701292659
"863";"Ireland";0,200385936186288
"864";"Ireland";0,199273612748679
"865";"Iceland";0,128713295283435
"866";"Iceland";0,127356602990149
"867";"Iceland";0,125962697725609
"868";"Iceland";0,124588646135123
"869";"Iceland";0,123290702052251
"870";"Iceland";0,122122003460246
"871";"Iceland";0,121130397016781
"872";"Iceland";0,120356479206161
"873";"Iceland";0,119831934314485
"874";"Iceland";0,119578237271248
"875";"Iceland";0,119605774463209
"876";"Iceland";0,119913418514494
"877";"Iceland";0,120488574441496
"878";"Iceland";0,121307695292986
"879";"Iceland";0,122337246165061
"880";"Iceland";0,123535077124052
"881";"Iceland";0,124852148829758
"882";"Iceland";0,126234540211798
"883";"Iceland";0,127625656004568
"884";"Iceland";0,128968543764062
"885";"Iceland";0,130208225507624
"886";"Iceland";0,131293948519016
"887";"Iceland";0,132181263170585
"888";"Iceland";0,132833842696241
"889";"Iceland";0,133224970413527
"890";"Iceland";0,133338633507744
"891";"Iceland";0,133170178598458
"892";"Iceland";0,13272650224945
"893";"Iceland";0,132025768622576
"894";"Iceland";0,131096665834853
"895";"Iceland";0,129977231463577
"896";"Iceland";0,128713295283435
"897";"Israel";0,181613878864128
"898";"Israel";0,179225691266444
"899";"Israel";0,176528930687763
"900";"Israel";0,173634002823031
"901";"Israel";0,170659426359172
"902";"Israel";0,167726980806113
"903";"Israel";0,164956720829344
"904";"Israel";0,162462061197805
"905";"Israel";0,160345133569923
"906";"Israel";0,15869260521151
"907";"Israel";0,157572130827725
"908";"Israel";0,157029582771489
"909";"Israel";0,157087173023972
"910";"Israel";0,15774254383347
"911";"Israel";0,158968864242039
"912";"Israel";0,160715928548067
"913";"Israel";0,162912211733593
"914";"Israel";0,165467797706949
"915";"Israel";0,168278060478118
"916";"Israel";0,171227947559056
"917";"Israel";0,174196690226072
"918";"Israel";0,177062747805567
"919";"Israel";0,179708783563488
"920";"Israel";0,18202646848501
"921";"Israel";0,18392091627713
"922";"Israel";0,18531456802465
"923";"Israel";0,186150367461279
"924";"Israel";0,18639409685988
"925";"Israel";0,186035777910236
"926";"Israel";0,185090080232248
"927";"Israel";0,183595720799966
"928";"Israel";0,181613878864128
"929";"Italy";0,501949696713191
"930";"Italy";0,500960477969367
"931";"Italy";0,499804603145252
"932";"Italy";0,498529393891952
"933";"Italy";0,49718705742613
"934";"Italy";0,495832549160414
"935";"Italy";0,49452132282235
"936";"Italy";0,493307060172281
"937";"Italy";0,492239473265771
"938";"Italy";0,491362269236208
"939";"Italy";0,49071136091963
"940";"Italy";0,490313396578996
"941";"Italy";0,49018466892117
"942";"Italy";0,490330448071589
"943";"Italy";0,490744765814706
"944";"Italy";0,491410659933438
"945";"Italy";0,492300868644324
"946";"Italy";0,493378946698146
"947";"Italy";0,494600757452712
"948";"Italy";0,495916279832172
"949";"Italy";0,497271656195745
"950";"Italy";0,498611397275856
"951";"Italy";0,499880653915272
"952";"Italy";0,501027462598044
"953";"Italy";0,502004872841956
"954";"Italy";0,50277286935678
"955";"Italy";0,503300010274964
"956";"Italy";0,503564714385381
"957";"Italy";0,50355614467065
"958";"Italy";0,503274651975897
"959";"Italy";0,502731760645121
"960";"Italy";0,501949696713191
"961";"Jordan";0,355944690182955
"962";"Jordan";0,354103648014584
"963";"Jordan";0,351901291331569
"964";"Jordan";0,349427784875278
"965";"Jordan";0,346784394290656
"966";"Jordan";0,344079340298824
"967";"Jordan";0,341423368128036
"968";"Jordan";0,338925213591029
"969";"Jordan";0,336687151428069
"970";"Jordan";0,334800808167067
"971";"Jordan";0,333343410922766
"972";"Jordan";0,332374625709583
"973";"Jordan";0,331934114707975
"974";"Jordan";0,332039912490104
"975";"Jordan";0,33268768768234
"976";"Jordan";0,333850920292203
"977";"Jordan";0,335481987439969
"978";"Jordan";0,337514113044969
"979";"Jordan";0,339864101646167
"980";"Jordan";0,34243574443412
"981";"Jordan";0,345123758050933
"982";"Jordan";0,347818094903306
"983";"Jordan";0,350408448523931
"984";"Jordan";0,352788769531227
"985";"Jordan";0,354861607303479
"986";"Jordan";0,356542099618743
"987";"Jordan";0,357761446924182
"988";"Jordan";0,358469728997844
"989";"Jordan";0,358637948688415
"990";"Jordan";0,358259219061997
"991";"Jordan";0,357349045353995
"992";"Jordan";0,355944690182955
"993";"Japan";0,149771793513119
"994";"Japan";0,148117130529924
"995";"Japan";0,146232151961643
"996";"Japan";0,144194029052338
"997";"Japan";0,142086202793383
"998";"Japan";0,139994967839481
"999";"Japan";0,138005939595352
"1000";"Japan";0,136200549111014
"1001";"Japan";0,134652709285019
"1002";"Japan";0,133425788861706
"1003";"Japan";0,132570018107363
"1004";"Japan";0,132120432377223
"1005";"Japan";0,1320954377639
"1006";"Japan";0,132496057549801
"1007";"Japan";0,13330589031382
"1008";"Japan";0,134491781407448
"1009";"Japan";0,136005180309974
"1010";"Japan";0,137784128292512
"1011";"Japan";0,139755795015641
"1012";"Japan";0,141839460212053
"1013";"Japan";0,143949818383788
"1014";"Japan";0,146000471219338
"1015";"Japan";0,147907464750675
"1016";"Japan";0,149592726438562
"1017";"Japan";0,150987261471489
"1018";"Japan";0,152033977421356
"1019";"Japan";0,152690021614191
"1020";"Japan";0,152928535523659
"1021";"Japan";0,152739754362282
"1022";"Japan";0,152131406852986
"1023";"Japan";0,15112839881428
"1024";"Japan";0,149771793513119
"1025";"Kazakhstan";0,325032922096938
"1026";"Kazakhstan";0,321696764898835
"1027";"Kazakhstan";0,317930346822355
"1028";"Kazakhstan";0,313887865466084
"1029";"Kazakhstan";0,309734820491719
"1030";"Kazakhstan";0,305641238048474
"1031";"Kazakhstan";0,30177470988255
"1032";"Kazakhstan";0,298293532111358
"1033";"Kazakhstan";0,295340224561871
"1034";"Kazakhstan";0,293035695992164
"1035";"Kazakhstan";0,291474294072652
"1036";"Kazakhstan";0,290719942781377
"1037";"Kazakhstan";0,290803525348835
"1038";"Kazakhstan";0,291721619894895
"1039";"Kazakhstan";0,293436639520969
"1040";"Kazakhstan";0,295878371122059
"1041";"Kazakhstan";0,298946849919527
"1042";"Kazakhstan";0,302516452030871
"1043";"Kazakhstan";0,306441037526244
"1044";"Kazakhstan";0,310559933414346
"1045";"Kazakhstan";0,314704511613568
"1046";"Kazakhstan";0,318705092605467
"1047";"Kazakhstan";0,322397892134186
"1048";"Kazakhstan";0,325631726553133
"1049";"Kazakhstan";0,328274202301238
"1050";"Kazakhstan";0,330217136110896
"1051";"Kazakhstan";0,331380984043654
"1052";"Kazakhstan";0,331718098028398
"1053";"Kazakhstan";0,331214676578984
"1054";"Kazakhstan";0,329891329828701
"1055";"Kazakhstan";0,327802235748992
"1056";"Kazakhstan";0,325032922096938
"1057";"Korea";0,123312897573901
"1058";"Korea";0,121900543739347
"1059";"Korea";0,120083670708667
"1060";"Korea";0,11793666147721
"1061";"Korea";0,115547414855176
"1062";"Korea";0,113013746879994
"1063";"Korea";0,110439386216261
"1064";"Korea";0,107929727492027
"1065";"Korea";0,105587516430333
"1066";"Korea";0,103508643427242
"1067";"Korea";0,10177821778776
"1068";"Korea";0,100467083340882
"1069";"Korea";0,099628918084916
"1070";"Korea";0,0992980366039208
"1071";"Korea";0,0994879852246054
"1072";"Korea";0,100190987428121
"1073";"Korea";0,101378262221657
"1074";"Korea";0,103001202435666
"1075";"Korea";0,1049933647071
"1076";"Korea";0,107273189678497
"1077";"Korea";0,10974734104766
"1078";"Korea";0,112314526766835
"1079";"Korea";0,114869645951048
"1080";"Korea";0,117308091720683
"1081";"Korea";0,119530033819425
"1082";"Korea";0,121444505676687
"1083";"Korea";0,122973128589689
"1084";"Korea";0,124053320556769
"1085";"Korea";0,124640858391877
"1086";"Korea";0,12471168822701
"1087";"Korea";0,124262910280397
"1088";"Korea";0,123312897573901
"1089";"Liechtenstein";0,0998402776339122
"1090";"Liechtenstein";0,0984606360998679
"1091";"Liechtenstein";0,0968986952916301
"1092";"Liechtenstein";0,0952184012494085
"1093";"Liechtenstein";0,0934885454087178
"1094";"Liechtenstein";0,0917799482709252
"1095";"Liechtenstein";0,0901625600036037
"1096";"Liechtenstein";0,0887025966724524
"1097";"Liechtenstein";0,0874598293477871
"1098";"Liechtenstein";0,0864851370698985
"1099";"Liechtenstein";0,0858184238551649
"1100";"Liechtenstein";0,0854869850209329
"1101";"Liechtenstein";0,0855043897120184
"1102";"Liechtenstein";0,0858699253783235
"1103";"Liechtenstein";0,0865686269467209
"1104";"Liechtenstein";0,0875718894929065
"1105";"Liechtenstein";0,0888386393303611
"1106";"Liechtenstein";0,0903170155719026
"1107";"Liechtenstein";0,0919464933205005
"1108";"Liechtenstein";0,0936603615656715
"1109";"Liechtenstein";0,0953884543400875
"1110";"Liechtenstein";0,0970600233225215
"1111";"Liechtenstein";0,0986066342824318
"1112";"Liechtenstein";0,0999649687854005
"1113";"Liechtenstein";0,101079416457278
"1114";"Liechtenstein";0,101904351679437
"1115";"Liechtenstein";0,102406001506955
"1116";"Liechtenstein";0,102563828336953
"1117";"Liechtenstein";0,102371370720467
"1118";"Liechtenstein";0,101836507894928
"1119";"Liechtenstein";0,100981137207258
"1120";"Liechtenstein";0,0998402776339122
"1121";"Lithuania";0,135076621758307
"1122";"Lithuania";0,133612797250882
"1123";"Lithuania";0,131999987564902
"1124";"Lithuania";0,130304221318407
"1125";"Lithuania";0,128594923380774
"1126";"Lithuania";0,126942072610403
"1127";"Lithuania";0,125413336912034
"1128";"Lithuania";0,124071302904778
"1129";"Lithuania";0,122970913618574
"1130";"Lithuania";0,122157219120089
"1131";"Lithuania";0,121663532157697
"1132";"Lithuania";0,121510064333643
"1133";"Lithuania";0,121703098638677
"1134";"Lithuania";0,122234732225669
"1135";"Lithuania";0,123083199953103
"1136";"Lithuania";0,124213765452529
"1137";"Lithuania";0,125580143239563
"1138";"Lithuania";0,127126393647061
"1139";"Lithuania";0,128789213001665
"1140";"Lithuania";0,130500525283623
"1141";"Lithuania";0,132190269167042
"1142";"Lithuania";0,133789266338797
"1143";"Lithuania";0,135232053666804
"1144";"Lithuania";0,136459563268333
"1145";"Lithuania";0,137421540756071
"1146";"Lithuania";0,138078602658643
"1147";"Lithuania";0,138403848784556
"1148";"Lithuania";0,1383839635192
"1149";"Lithuania";0,138019760967676
"1150";"Lithuania";0,137326151625234
"1151";"Lithuania";0,13633153193985
"1152";"Lithuania";0,135076621758307
"1153";"Luxembourg";0,120065888772899
"1154";"Luxembourg";0,118977589834439
"1155";"Luxembourg";0,117783106459682
"1156";"Luxembourg";0,116531340938336
"1157";"Luxembourg";0,11527354069792
"1158";"Luxembourg";0,114061200228064
"1159";"Luxembourg";0,112943952890047
"1160";"Luxembourg";0,111967538921158
"1161";"Luxembourg";0,111171932824007
"1162";"Luxembourg";0,110589706805691
"1163";"Luxembourg";0,11024469726781
"1164";"Luxembourg";0,11015102894138
"1165";"Luxembourg";0,110312536618691
"1166";"Luxembourg";0,110722608156458
"1167";"Luxembourg";0,111364455177744
"1168";"Luxembourg";0,112211800390082
"1169";"Luxembourg";0,113229953380921
"1170";"Luxembourg";0,114377230847189
"1171";"Luxembourg";0,115606663114616
"1172";"Luxembourg";0,116867917081723
"1173";"Luxembourg";0,118109356862904
"1174";"Luxembourg";0,119280157767656
"1175";"Luxembourg";0,120332387069374
"1176";"Luxembourg";0,121222966376814
"1177";"Luxembourg";0,121915435268492
"1178";"Luxembourg";0,12238144398662
"1179";"Luxembourg";0,122601914079524
"1180";"Luxembourg";0,122567819475697
"1181";"Luxembourg";0,122280556012225
"1182";"Luxembourg";0,121751884289055
"1183";"Luxembourg";0,12100344818865
"1184";"Luxembourg";0,120065888772899
"1185";"Latvia";0,251193906815778
"1186";"Latvia";0,248340179622153
"1187";"Latvia";0,24501429316054
"1188";"Latvia";0,241352409613451
"1189";"Latvia";0,237504446923557
"1190";"Latvia";0,2336279411355
"1191";"Latvia";0,229881596851712
"1192";"Latvia";0,226418789847348
"1193";"Latvia";0,223381287848029
"1194";"Latvia";0,2208934465425
"1195";"Latvia";0,219057118446116
"1196";"Latvia";0,217947483046905
"1197";"Latvia";0,217609968948485
"1198";"Latvia";0,218058394017702
"1199";"Latvia";0,219274399679536
"1200";"Latvia";0,221208202519316
"1201";"Latvia";0,223780632421568
"1202";"Latvia";0,226886373803848
"1203";"Latvia";0,230398277249056
"1204";"Latvia";0,234172565017513
"1205";"Latvia";0,238054717324519
"1206";"Latvia";0,241885798398492
"1207";"Latvia";0,24550896333013
"1208";"Latvia";0,248775879321428
"1209";"Latvia";0,251552798447857
"1210";"Latvia";0,253726033314105
"1211";"Latvia";0,255206611429405
"1212";"Latvia";0,255933917751756
"1213";"Latvia";0,255878176274866
"1214";"Latvia";0,255041669061347
"1215";"Latvia";0,253458642814807
"1216";"Latvia";0,251193906815778
"1217";"Macao-China";0,0973298037070442
"1218";"Macao-China";0,0966431813727971
"1219";"Macao-China";0,0957285467106259
"1220";"Macao-China";0,094623344971065
"1221";"Macao-China";0,0933728232431877
"1222";"Macao-China";0,0920281780334633
"1223";"Macao-China";0,090644459274767
"1224";"Macao-China";0,08927831657566
"1225";"Macao-China";0,0879856799787586
"1226";"Macao-China";0,0868194701782183
"1227";"Macao-China";0,0858274319402971
"1228";"Macao-China";0,0850501794270149
"1229";"Macao-China";0,084519533447589
"1230";"Macao-China";0,0842572187107651
"1231";"Macao-China";0,0842739744126897
"1232";"Macao-China";0,084569114572957
"1233";"Macao-China";0,0851305561187284
"1234";"Macao-China";0,0859353135671534
"1235";"Macao-China";0,0869504400537384
"1236";"Macao-China";0,0881343761808504
"1237";"Macao-China";0,0894386514643388
"1238";"Macao-China";0,0908098687208517
"1239";"Macao-China";0,0921918901547964
"1240";"Macao-China";0,0935281356462865
"1241";"Macao-China";0,0947638991478982
"1242";"Macao-China";0,0958485883566796
"1243";"Macao-China";0,0967377959689774
"1244";"Macao-China";0,0973951177206668
"1245";"Macao-China";0,0977936427820017
"1246";"Macao-China";0,0979170554901462
"1247";"Macao-China";0,0977603033143285
"1248";"Macao-China";0,0973298037070442
"1249";"Mexico";0,464546223084247
"1250";"Mexico";0,463259009612546
"1251";"Mexico";0,461741538104497
"1252";"Mexico";0,460055934021934
"1253";"Mexico";0,458271206194047
"1254";"Mexico";0,456460421587808
"1255";"Mexico";0,454697713937753
"1256";"Mexico";0,453055248702185
"1257";"Mexico";0,451600268600831
"1258";"Mexico";0,450392340689991
"1259";"Mexico";0,449480917680261
"1260";"Mexico";0,448903313336749
"1261";"Mexico";0,448683174849141
"1262";"Mexico";0,448829514712987
"1263";"Mexico";0,449336341757066
"1264";"Mexico";0,450182906422644
"1265";"Mexico";0,451334550252845
"1266";"Mexico";0,452744124813948
"1267";"Mexico";0,454353921957804
"1268";"Mexico";0,456098036400201
"1269";"Mexico";0,45790506389094
"1270";"Mexico";0,459701024512236
"1271";"Mexico";0,461412391425236
"1272";"Mexico";0,462969101067444
"1273";"Mexico";0,464307421563203
"1274";"Mexico";0,465372561914171
"1275";"Mexico";0,46612091514923
"1276";"Mexico";0,466521843599009
"1277";"Mexico";0,466558933205667
"1278";"Mexico";0,46623066551635
"1279";"Mexico";0,465550479848828
"1280";"Mexico";0,464546223084247
"1281";"Montenegro";0,254828496100079
"1282";"Montenegro";0,254503956063934
"1283";"Montenegro";0,254047248263907
"1284";"Montenegro";0,253477070370991
"1285";"Montenegro";0,252816765535115
"1286";"Montenegro";0,252093366713844
"1287";"Montenegro";0,251336489939914
"1288";"Montenegro";0,250577121837381
"1289";"Montenegro";0,249846351025584
"1290";"Montenegro";0,24917409534742
"1291";"Montenegro";0,248587877029339
"1292";"Montenegro";0,248111695918162
"1293";"Montenegro";0,247765046924529
"1294";"Montenegro";0,247562121898968
"1295";"Montenegro";0,24751122861587
"1296";"Montenegro";0,247614450652224
"1297";"Montenegro";0,247867562085732
"1298";"Montenegro";0,248260200504569
"1299";"Montenegro";0,248776291245734
"1300";"Montenegro";0,249394705493646
"1301";"Montenegro";0,250090125296334
"1302";"Montenegro";0,250834080085368
"1303";"Montenegro";0,251596112264274
"1304";"Montenegro";0,252345024146113
"1305";"Montenegro";0,253050155190448
"1306";"Montenegro";0,253682637249476
"1307";"Montenegro";0,254216576433386
"1308";"Montenegro";0,254630113209254
"1309";"Montenegro";0,254906317332887
"1310";"Montenegro";0,255033880975011
"1311";"Montenegro";0,255007581665129
"1312";"Montenegro";0,254828496100079
"1313";"Malaysia";0,174214910641052
"1314";"Malaysia";0,171410612555761
"1315";"Malaysia";0,168277089130747
"1316";"Malaysia";0,164942627183204
"1317";"Malaysia";0,161543739977047
"1318";"Malaysia";0,158219578353849
"1319";"Malaysia";0,155106233881035
"1320";"Malaysia";0,152331167247126
"1321";"Malaysia";0,150007990006169
"1322";"Malaysia";0,148231813307372
"1323";"Malaysia";0,147075354033474
"1324";"Malaysia";0,146585957763029
"1325";"Malaysia";0,146783660436848
"1326";"Malaysia";0,147660368084237
"1327";"Malaysia";0,149180188191104
"1328";"Malaysia";0,151280899143701
"1329";"Malaysia";0,153876497588806
"1330";"Malaysia";0,156860719421107
"1331";"Malaysia";0,160111390248159
"1332";"Malaysia";0,163495427224363
"1333";"Malaysia";0,166874287478308
"1334";"Malaysia";0,170109640074196
"1335";"Malaysia";0,173069029296616
"1336";"Malaysia";0,175631297403086
"1337";"Malaysia";0,177691544836276
"1338";"Malaysia";0,1791654248242
"1339";"Malaysia";0,179992596546981
"1340";"Malaysia";0,180139195497098
"1341";"Malaysia";0,17959921989631
"1342";"Malaysia";0,178394776409157
"1343";"Malaysia";0,176575175093519
"1344";"Malaysia";0,174214910641052
"1345";"Netherlands";0,267196998090369
"1346";"Netherlands";0,263218366610367
"1347";"Netherlands";0,258607427098369
"1348";"Netherlands";0,25355295195976
"1349";"Netherlands";0,248261872000589
"1350";"Netherlands";0,24295080465606
"1351";"Netherlands";0,237837185647282
"1352";"Netherlands";0,2331303671373
"1353";"Netherlands";0,22902304682894
"1354";"Netherlands";0,225683378898215
"1355";"Netherlands";0,223248089742604
"1356";"Netherlands";0,221816880386272
"1357";"Netherlands";0,221448344708427
"1358";"Netherlands";0,222157570603021
"1359";"Netherlands";0,223915522278599
"1360";"Netherlands";0,226650228987012
"1361";"Netherlands";0,230249731514304
"1362";"Netherlands";0,234566665804083
"1363";"Netherlands";0,239424296059308
"1364";"Netherlands";0,244623750326582
"1365";"Netherlands";0,249952162337294
"1366";"Netherlands";0,255191386277663
"1367";"Netherlands";0,260126927703987
"1368";"Netherlands";0,264556724970371
"1369";"Netherlands";0,268299421656251
"1370";"Netherlands";0,271201791319559
"1371";"Netherlands";0,273145010605264
"1372";"Netherlands";0,274049523887491
"1373";"Netherlands";0,273878300286191
"1374";"Netherlands";0,272638349715718
"1375";"Netherlands";0,270380435898115
"1376";"Netherlands";0,267196998090369
"1377";"Norway";0,148017479050036
"1378";"Norway";0,146573905225119
"1379";"Norway";0,144815974388575
"1380";"Norway";0,142815656435402
"1381";"Norway";0,140654844617629
"1382";"Norway";0,138422002824961
"1383";"Norway";0,136208543862736
"1384";"Norway";0,13410508700094
"1385";"Norway";0,132197748010639
"1386";"Norway";0,1305646135742
"1387";"Norway";0,129272544407335
"1388";"Norway";0,128374437973548
"1389";"Norway";0,12790706285576
"1390";"Norway";0,127889553446209
"1391";"Norway";0,128322626582178
"1392";"Norway";0,129188552198597
"1393";"Norway";0,130451879198988
"1394";"Norway";0,13206088682752
"1395";"Norway";0,133949702122831
"1396";"Norway";0,136040996764804
"1397";"Norway";0,138249152905081
"1398";"Norway";0,140483768371831
"1399";"Norway";0,142653357745289
"1400";"Norway";0,144669097781589
"1401";"Norway";0,146448463846807
"1402";"Norway";0,147918608485166
"1403";"Norway";0,149019343802436
"1404";"Norway";0,149705605565398
"1405";"Norway";0,149949298136844
"1406";"Norway";0,149740444714265
"1407";"Norway";0,149087595781322
"1408";"Norway";0,148017479050036
"1409";"New Zealand";0,164863822646196
"1410";"New Zealand";0,162710627485641
"1411";"New Zealand";0,160231995139748
"1412";"New Zealand";0,157529401107986
"1413";"New Zealand";0,154713489907554
"1414";"New Zealand";0,151899545273856
"1415";"New Zealand";0,149202770430818
"1416";"New Zealand";0,146733571657373
"1417";"New Zealand";0,144593038241424
"1418";"New Zealand";0,142868803872522
"1419";"New Zealand";0,141631458908318
"1420";"New Zealand";0,140931660397028
"1421";"New Zealand";0,140798058171929
"1422";"New Zealand";0,141236121923813
"1423";"New Zealand";0,142227917271208
"1424";"New Zealand";0,14373283999606
"1425";"New Zealand";0,145689278385193
"1426";"New Zealand";0,148017135621084
"1427";"New Zealand";0,150621108954984
"1428";"New Zealand";0,15339459141265
"1429";"New Zealand";0,156224036296393
"1430";"New Zealand";0,158993605800229
"1431";"New Zealand";0,161589913423259
"1432";"New Zealand";0,163906666026344
"1433";"New Zealand";0,165849015485706
"1434";"New Zealand";0,167337441786262
"1435";"New Zealand";0,168311008580386
"1436";"New Zealand";0,168729857929136
"1437";"New Zealand";0,168576842090962
"1438";"New Zealand";0,167858225552257
"1439";"New Zealand";0,16660342855855
"1440";"New Zealand";0,164863822646196
"1441";"Peru";0,222304822569021
"1442";"Peru";0,219698470519311
"1443";"Peru";0,216570819624701
"1444";"Peru";0,2130499162803
"1445";"Peru";0,209279906682716
"1446";"Peru";0,205415135467831
"1447";"Peru";0,201613826823275
"1448";"Peru";0,198031606771589
"1449";"Peru";0,194815131822584
"1450";"Peru";0,192096084838591
"1451";"Peru";0,189985783922609
"1452";"Peru";0,188570625042089
"1453";"Peru";0,187908544967873
"1454";"Peru";0,18802664933599
"1455";"Peru";0,188920102939734
"1456";"Peru";0,19055232768359
"1457";"Peru";0,192856500094766
"1458";"Peru";0,195738287084022
"1459";"Peru";0,19907970795342
"1460";"Peru";0,202743964539967
"1461";"Peru";0,206581041748479
"1462";"Peru";0,210433849187201
"1463";"Peru";0,214144652466907
"1464";"Peru";0,217561530865323
"1465";"Peru";0,220544596979354
"1466";"Peru";0,222971723731795
"1467";"Peru";0,224743544268226
"1468";"Peru";0,225787520047706
"1469";"Peru";0,22606091057916
"1470";"Peru";0,225552523222109
"1471";"Peru";0,224283171414683
"1472";"Peru";0,222304822569021
"1473";"Poland";0,177120246288867
"1474";"Poland";0,175192607543562
"1475";"Poland";0,172937705351155
"1476";"Poland";0,170447855672343
"1477";"Poland";0,167824993245521
"1478";"Poland";0,165176498366616
"1479";"Poland";0,162610800727157
"1480";"Poland";0,160232940289958
"1481";"Poland";0,158140266940707
"1482";"Poland";0,156418454972199
"1483";"Poland";0,15513799556873
"1484";"Poland";0,154351310888725
"1485";"Poland";0,154090607895416
"1486";"Poland";0,154366559799979
"1487";"Poland";0,155167869099019
"1488";"Poland";0,156461730095684
"1489";"Poland";0,158195171968747
"1490";"Poland";0,160297227404255
"1491";"Poland";0,162681838005697
"1492";"Poland";0,16525137753487
"1493";"Poland";0,167900648741542
"1494";"Poland";0,170521190151235
"1495";"Poland";0,173005716490736
"1496";"Poland";0,175252510959787
"1497";"Poland";0,177169589528837
"1498";"Poland";0,178678466776022
"1499";"Poland";0,179717369089557
"1500";"Poland";0,18024376368666
"1501";"Poland";0,180236099910677
"1502";"Poland";0,179694691517497
"1503";"Poland";0,178641703830349
"1504";"Poland";0,177120246288867
"1505";"Portugal";0,324065812129523
"1506";"Portugal";0,321075635174359
"1507";"Portugal";0,317523994585294
"1508";"Portugal";0,313556294945344
"1509";"Portugal";0,309334974343954
"1510";"Portugal";0,305032854142528
"1511";"Portugal";0,30082606364759
"1512";"Portugal";0,296886829356281
"1513";"Portugal";0,293376423983326
"1514";"Portugal";0,29043856393715
"1515";"Portugal";0,288193525553226
"1516";"Portugal";0,286733220966774
"1517";"Portugal";0,286117435219142
"1518";"Portugal";0,286371378651189
"1519";"Portugal";0,28748465478897
"1520";"Portugal";0,2894116859766
"1521";"Portugal";0,292073579330841
"1522";"Portugal";0,295361356625011
"1523";"Portugal";0,299140415870389
"1524";"Portugal";0,303256041937449
"1525";"Portugal";0,30753974061144
"1526";"Portugal";0,311816136765336
"1527";"Portugal";0,315910154238141
"1528";"Portugal";0,319654183473491
"1529";"Portugal";0,322894943474586
"1530";"Portugal";0,325499757146209
"1531";"Portugal";0,327361983110592
"1532";"Portugal";0,328405381617948
"1533";"Portugal";0,328587235810794
"1534";"Portugal";0,327900100557108
"1535";"Portugal";0,326372107254909
"1536";"Portugal";0,324065812129523
"1537";"Qatar";0,166226757306024
"1538";"Qatar";0,165815753946392
"1539";"Qatar";0,165060666990007
"1540";"Qatar";0,163992409785584
"1541";"Qatar";0,162654716908587
"1542";"Qatar";0,161102353662571
"1543";"Qatar";0,159398873981225
"1544";"Qatar";0,157614018522851
"1545";"Qatar";0,155820859479629
"1546";"Qatar";0,154092808993475
"1547";"Qatar";0,152500613654328
"1548";"Qatar";0,15110945812645
"1549";"Qatar";0,149976296480604
"1550";"Qatar";0,149147520487713
"1551";"Qatar";0,148657060334303
"1552";"Qatar";0,148524995516681
"1553";"Qatar";0,148756732783997
"1554";"Qatar";0,1493427847853
"1555";"Qatar";0,150259158482798
"1556";"Qatar";0,151468337429646
"1557";"Qatar";0,152920817697687
"1558";"Qatar";0,154557134574089
"1559";"Qatar";0,156310297053673
"1560";"Qatar";0,158108530458537
"1561";"Qatar";0,159878214901803
"1562";"Qatar";0,161546899294433
"1563";"Qatar";0,163046267501331
"1564";"Qatar";0,16431493521194
"1565";"Qatar";0,165300963021123
"1566";"Qatar";0,165963982834521
"1567";"Qatar";0,166276850543071
"1568";"Qatar";0,166226757306024
"1569";"China-Shanghai";0,143711250917741
"1570";"China-Shanghai";0,141209289675696
"1571";"China-Shanghai";0,138168963587507
"1572";"China-Shanghai";0,134714743960447
"1573";"China-Shanghai";0,130988046951903
"1574";"China-Shanghai";0,127141443975272
"1575";"China-Shanghai";0,123332415408374
"1576";"China-Shanghai";0,11971690332828
"1577";"China-Shanghai";0,116442927224354
"1578";"China-Shanghai";0,113644524062966
"1579";"China-Shanghai";0,111436260798341
"1580";"China-Shanghai";0,109908543987994
"1581";"China-Shanghai";0,109123918537639
"1582";"China-Shanghai";0,109114507105403
"1583";"China-Shanghai";0,109880694996428
"1584";"China-Shanghai";0,111391114388432
"1585";"China-Shanghai";0,11358392853404
"1586";"China-Shanghai";0,116369363364485
"1587";"China-Shanghai";0,119633382850535
"1588";"China-Shanghai";0,123242357650924
"1589";"China-Shanghai";0,127048535913289
"1590";"China-Shanghai";0,130896092252361
"1591";"China-Shanghai";0,134627507259549
"1592";"China-Shanghai";0,138090016366037
"1593";"China-Shanghai";0,141141864042178
"1594";"China-Shanghai";0,143658107285534
"1595";"China-Shanghai";0,145535730802075
"1596";"China-Shanghai";0,146697864464422
"1597";"China-Shanghai";0,147096930383896
"1598";"China-Shanghai";0,146716590754863
"1599";"China-Shanghai";0,145572416726426
"1600";"China-Shanghai";0,143711250917741
"1601";"Perm(Russian Federation)";0,149258062343962
"1602";"Perm(Russian Federation)";0,146669757403533
"1603";"Perm(Russian Federation)";0,143513915328712
"1604";"Perm(Russian Federation)";0,139919736664838
"1605";"Perm(Russian Federation)";0,136034367508708
"1606";"Perm(Russian Federation)";0,132016875330086
"1607";"Perm(Russian Federation)";0,1280317367308
"1608";"Perm(Russian Federation)";0,124242103753338
"1609";"Perm(Russian Federation)";0,120803124417061
"1610";"Perm(Russian Federation)";0,117855590940059
"1611";"Perm(Russian Federation)";0,115520175689201
"1612";"Perm(Russian Federation)";0,113892490839256
"1613";"Perm(Russian Federation)";0,113039173999226
"1614";"Perm(Russian Federation)";0,112995160060802
"1615";"Perm(Russian Federation)";0,113762250959796
"1616";"Perm(Russian Federation)";0,115309041904672
"1617";"Perm(Russian Federation)";0,117572207092407
"1618";"Perm(Russian Federation)";0,120459092274306
"1619";"Perm(Russian Federation)";0,123851508031825
"1620";"Perm(Russian Federation)";0,127610568465261
"1621";"Perm(Russian Federation)";0,131582377198798
"1622";"Perm(Russian Federation)";0,135604327916217
"1623";"Perm(Russian Federation)";0,139511761482587
"1624";"Perm(Russian Federation)";0,143144707108599
"1625";"Perm(Russian Federation)";0,146354431573469
"1626";"Perm(Russian Federation)";0,149009528380479
"1627";"Perm(Russian Federation)";0,15100129755439
"1628";"Perm(Russian Federation)";0,152248195831199
"1629";"Perm(Russian Federation)";0,152699175048949
"1630";"Perm(Russian Federation)";0,152335772065477
"1631";"Perm(Russian Federation)";0,151172864641626
"1632";"Perm(Russian Federation)";0,149258062343962
"1633";"Florida (USA)";0,255969625463109
"1634";"Florida (USA)";0,247427819219782
"1635";"Florida (USA)";0,237299451813976
"1636";"Florida (USA)";0,225999179797318
"1637";"Florida (USA)";0,213989637633896
"1638";"Florida (USA)";0,201762497390941
"1639";"Florida (USA)";0,189818339626629
"1640";"Florida (USA)";0,178646159563208
"1641";"Florida (USA)";0,168703347565151
"1642";"Florida (USA)";0,160396963523889
"1643";"Florida (USA)";0,15406707177803
"1644";"Florida (USA)";0,14997281883938
"1645";"Florida (USA)";0,148281823904301
"1646";"Florida (USA)";0,149063316504121
"1647";"Florida (USA)";0,152285302239979
"1648";"Florida (USA)";0,157815872637283
"1649";"Florida (USA)";0,165428605494154
"1650";"Florida (USA)";0,174811834632971
"1651";"Florida (USA)";0,185581409550311
"1652";"Florida (USA)";0,197296422583685
"1653";"Florida (USA)";0,209477259723051
"1654";"Florida (USA)";0,221625236064737
"1655";"Florida (USA)";0,233243012029987
"1656";"Florida (USA)";0,243854954505753
"1657";"Florida (USA)";0,253026609320227
"1658";"Florida (USA)";0,26038248784768
"1659";"Florida (USA)";0,26562143955692
"1660";"Florida (USA)";0,26852898114942
"1661";"Florida (USA)";0,268986077530761
"1662";"Florida (USA)";0,266974015121384
"1663";"Florida (USA)";0,262575167992737
"1664";"Florida (USA)";0,255969625463109
"1665";"Connecticut (USA)";0,194615509118821
"1666";"Connecticut (USA)";0,190535664567884
"1667";"Connecticut (USA)";0,185727365004998
"1668";"Connecticut (USA)";0,18038746277922
"1669";"Connecticut (USA)";0,174734574115084
"1670";"Connecticut (USA)";0,169000128938687
"1671";"Connecticut (USA)";0,163418896109319
"1672";"Connecticut (USA)";0,158219371954781
"1673";"Connecticut (USA)";0,153614425604878
"1674";"Connecticut (USA)";0,149792584104233
"1675";"Connecticut (USA)";0,146910314092931
"1676";"Connecticut (USA)";0,145085616043886
"1677";"Connecticut (USA)";0,144393193309619
"1678";"Connecticut (USA)";0,144861393758227
"1679";"Connecticut (USA)";0,146471049208333
"1680";"Connecticut (USA)";0,149156260176683
"1681";"Connecticut (USA)";0,152807093810734
"1682";"Connecticut (USA)";0,157274084552554
"1683";"Connecticut (USA)";0,162374353276322
"1684";"Connecticut (USA)";0,167899094381232
"1685";"Connecticut (USA)";0,173622124317319
"1686";"Connecticut (USA)";0,179309141566572
"1687";"Connecticut (USA)";0,184727318974611
"1688";"Connecticut (USA)";0,189654835721742
"1689";"Connecticut (USA)";0,193889958693379
"1690";"Connecticut (USA)";0,197259301457457
"1691";"Connecticut (USA)";0,199624922725333
"1692";"Connecticut (USA)";0,200889973684353
"1693";"Connecticut (USA)";0,201002662999616
"1694";"Connecticut (USA)";0,199958377157315
"1695";"Connecticut (USA)";0,197799869342534
"1696";"Connecticut (USA)";0,194615509118821
"1697";"Massachusetts (USA)";0,198958329395616
"1698";"Massachusetts (USA)";0,194857778801458
"1699";"Massachusetts (USA)";0,189911856343298
"1700";"Massachusetts (USA)";0,184323048667693
"1701";"Massachusetts (USA)";0,178320162217541
"1702";"Massachusetts (USA)";0,172148955869419
"1703";"Massachusetts (USA)";0,166062079536305
"1704";"Massachusetts (USA)";0,160308730650455
"1705";"Massachusetts (USA)";0,155124451991246
"1706";"Massachusetts (USA)";0,150721488536112
"1707";"Massachusetts (USA)";0,147280098126233
"1708";"Massachusetts (USA)";0,144941171689335
"1709";"Massachusetts (USA)";0,143800465148557
"1710";"Massachusetts (USA)";0,143904679163706
"1711";"Massachusetts (USA)";0,145249547200757
"1712";"Massachusetts (USA)";0,147780010204258
"1713";"Massachusetts (USA)";0,151392470721529
"1714";"Massachusetts (USA)";0,155939034194547
"1715";"Massachusetts (USA)";0,161233563780527
"1716";"Massachusetts (USA)";0,167059300816139
"1717";"Massachusetts (USA)";0,17317773894265
"1718";"Massachusetts (USA)";0,179338388584275
"1719";"Massachusetts (USA)";0,18528903202084
"1720";"Massachusetts (USA)";0,190786049210881
"1721";"Massachusetts (USA)";0,195604391624765
"1722";"Massachusetts (USA)";0,199546795757938
"1723";"Massachusetts (USA)";0,202451859121973
"1724";"Massachusetts (USA)";0,204200648081418
"1725";"Massachusetts (USA)";0,204721567010798
"1726";"Massachusetts (USA)";0,203993289427939
"1727";"Massachusetts (USA)";0,202045631102653
"1728";"Massachusetts (USA)";0,198958329395617
"1729";"Romania";0,14692944748178
"1730";"Romania";0,144933985858316
"1731";"Romania";0,142645672355159
"1732";"Romania";0,140158190795993
"1733";"Romania";0,137573378968116
"1734";"Romania";0,134997059371465
"1735";"Romania";0,132534706833031
"1736";"Romania";0,130287130355051
"1737";"Romania";0,128346345982614
"1738";"Romania";0,126791809655959
"1739";"Romania";0,12568716427495
"1740";"Romania";0,125077634151275
"1741";"Romania";0,124988173519815
"1742";"Romania";0,125422444909333
"1743";"Romania";0,126362669198117
"1744";"Romania";0,127770353493313
"1745";"Romania";0,129587867034479
"1746";"Romania";0,131740800603692
"1747";"Romania";0,134141012847668
"1748";"Romania";0,136690238795127
"1749";"Romania";0,139284112836258
"1750";"Romania";0,141816441463051
"1751";"Romania";0,144183550843987
"1752";"Romania";0,146288531242888
"1753";"Romania";0,148045204514899
"1754";"Romania";0,149381652249863
"1755";"Romania";0,150243160120484
"1756";"Romania";0,150594457893317
"1757";"Romania";0,150421163396266
"1758";"Romania";0,149730371326401
"1759";"Romania";0,148550362792228
"1760";"Romania";0,14692944748178
"1761";"Russian Federation";0,211709898446475
"1762";"Russian Federation";0,207540797860532
"1763";"Russian Federation";0,202816217948772
"1764";"Russian Federation";0,197729583567898
"1765";"Russian Federation";0,192489142127117
"1766";"Russian Federation";0,187309437914741
"1767";"Russian Federation";0,182402528629812
"1768";"Russian Federation";0,177969303714994
"1769";"Russian Federation";0,174191259919182
"1770";"Russian Federation";0,171223070799276
"1771";"Russian Federation";0,169186254366593
"1772";"Russian Federation";0,168164198125204
"1773";"Russian Federation";0,168198745177717
"1774";"Russian Federation";0,169288481163743
"1775";"Russian Federation";0,171388792163975
"1776";"Russian Federation";0,174413691199289
"1777";"Russian Federation";0,178239338547767
"1778";"Russian Federation";0,182709111757469
"1779";"Russian Federation";0,187640017788014
"1780";"Russian Federation";0,192830184767153
"1781";"Russian Federation";0,198067126648943
"1782";"Russian Federation";0,203136442417428
"1783";"Russian Federation";0,207830593689427
"1784";"Russian Federation";0,211957401360326
"1785";"Russian Federation";0,215347913439198
"1786";"Russian Federation";0,217863321963165
"1787";"Russian Federation";0,21940064581171
"1788";"Russian Federation";0,219896946765844
"1789";"Russian Federation";0,219331906206193
"1790";"Russian Federation";0,217728656959658
"1791";"Russian Federation";0,215152836238765
"1792";"Russian Federation";0,211709898446475
"1793";"Singapore";0,193535200685033
"1794";"Singapore";0,192993598327435
"1795";"Singapore";0,192372674551657
"1796";"Singapore";0,191697850050036
"1797";"Singapore";0,190996752216955
"1798";"Singapore";0,190298084080078
"1799";"Singapore";0,189630449195017
"1800";"Singapore";0,189021180612411
"1801";"Singapore";0,188495221859618
"1802";"Singapore";0,188074105749774
"1803";"Singapore";0,187775072825896
"1804";"Singapore";0,187610365531023
"1805";"Singapore";0,187586727001158
"1806";"Singapore";0,187705125000491
"1807";"Singapore";0,18796071230102
"1808";"Singapore";0,188343025128629
"1809";"Singapore";0,188836411551237
"1810";"Singapore";0,189420672270732
"1811";"Singapore";0,190071887584609
"1812";"Singapore";0,190763396661405
"1813";"Singapore";0,191466889038266
"1814";"Singapore";0,192153563654627
"1815";"Singapore";0,192795307971012
"1816";"Singapore";0,193365848899709
"1817";"Singapore";0,193841828428059
"1818";"Singapore";0,194203759898248
"1819";"Singapore";0,194436825793359
"1820";"Singapore";0,194531484368265
"1821";"Singapore";0,194483860289785
"1822";"Singapore";0,194295903293289
"1823";"Singapore";0,193975308360297
"1824";"Singapore";0,193535200685033
"1825";"Serbia";0,170097945797019
"1826";"Serbia";0,168405750102854
"1827";"Serbia";0,16628298541652
"1828";"Serbia";0,16381655797369
"1829";"Serbia";0,161107443603667
"1830";"Serbia";0,158266553767068
"1831";"Serbia";0,155410194827592
"1832";"Serbia";0,15265530645583
"1833";"Serbia";0,150114674105407
"1834";"Serbia";0,147892311563262
"1835";"Serbia";0,146079202612986
"1836";"Serbia";0,144749576148035
"1837";"Serbia";0,143957867232108
"1838";"Serbia";0,143736488521246
"1839";"Serbia";0,144094503285881
"1840";"Serbia";0,145017254359486
"1841";"Serbia";0,146466964204687
"1842";"Serbia";0,148384281530088
"1843";"Serbia";0,150690711139113
"1844";"Serbia";0,153291827532574
"1845";"Serbia";0,156081140699705
"1846";"Serbia";0,158944455831712
"1847";"Serbia";0,161764548470666
"1848";"Serbia";0,164425963692582
"1849";"Serbia";0,166819742845571
"1850";"Serbia";0,168847884329853
"1851";"Serbia";0,170427355794765
"1852";"Serbia";0,171493493492953
"1853";"Serbia";0,172002649621788
"1854";"Serbia";0,171933979269531
"1855";"Serbia";0,171290293808473
"1856";"Serbia";0,170097945797019
"1857";"Slovak Republic";0,225176119370148
"1858";"Slovak Republic";0,222112332142827
"1859";"Slovak Republic";0,218642021835865
"1860";"Slovak Republic";0,214907263360973
"1861";"Slovak Republic";0,21106095816893
"1862";"Slovak Republic";0,207260574446218
"1863";"Slovak Republic";0,203661700348973
"1864";"Slovak Republic";0,200411674205584
"1865";"Slovak Republic";0,197643552468224
"1866";"Slovak Republic";0,195470662366061
"1867";"Slovak Republic";0,193981962275181
"1868";"Slovak Republic";0,193238399752221
"1869";"Slovak Republic";0,193270416334234
"1870";"Slovak Republic";0,194076701258591
"1871";"Slovak Republic";0,195624245125754
"1872";"Slovak Republic";0,197849691307974
"1873";"Slovak Republic";0,200661929777072
"1874";"Slovak Republic";0,203945827159698
"1875";"Slovak Republic";0,207566940311166
"1876";"Slovak Republic";0,211377020433592
"1877";"Slovak Republic";0,2152200823991
"1878";"Slovak Republic";0,218938790799279
"1879";"Slovak Republic";0,222380901275299
"1880";"Slovak Republic";0,225405493419838
"1881";"Slovak Republic";0,227888740075126
"1882";"Slovak Republic";0,229728976831325
"1883";"Slovak Republic";0,230850864179419
"1884";"Slovak Republic";0,231208471919561
"1885";"Slovak Republic";0,230787159548851
"1886";"Slovak Republic";0,229604175645248
"1887";"Slovak Republic";0,227707951708762
"1888";"Slovak Republic";0,225176119370148
"1889";"Slovenia";0,412015855024982
"1890";"Slovenia";0,410513166464043
"1891";"Slovenia";0,408931140616218
"1892";"Slovenia";0,407334545805598
"1893";"Slovenia";0,40578874681132
"1894";"Slovenia";0,404357028825835
"1895";"Slovenia";0,403098006551688
"1896";"Slovenia";0,402063224508711
"1897";"Slovenia";0,401295046795325
"1898";"Slovenia";0,400824922697374
"1899";"Slovenia";0,400672099150665
"1900";"Slovenia";0,400842832769156
"1901";"Slovenia";0,401330133698446
"1902";"Slovenia";0,402114051781233
"1903";"Slovenia";0,403162493319104
"1904";"Slovenia";0,40443253499231
"1905";"Slovenia";0,405872181145526
"1906";"Slovenia";0,40742249249609
"1907";"Slovenia";0,409019999115154
"1908";"Slovenia";0,410599298894036
"1909";"Slovenia";0,412095735114227
"1910";"Slovenia";0,413448043501051
"1911";"Slovenia";0,41460086039026
"1912";"Slovenia";0,41550698932296
"1913";"Slovenia";0,416129333274181
"1914";"Slovenia";0,416442413409438
"1915";"Slovenia";0,416433412191207
"1916";"Slovenia";0,416102698130421
"1917";"Slovenia";0,415463810699586
"1918";"Slovenia";0,414542906025186
"1919";"Slovenia";0,413377686052792
"1920";"Slovenia";0,412015855024982
"1921";"Sweden";0,151916296753141
"1922";"Sweden";0,150551705985778
"1923";"Sweden";0,148866791756815
"1924";"Sweden";0,146930534652754
"1925";"Sweden";0,144822205266938
"1926";"Sweden";0,142628118852138
"1927";"Sweden";0,140438101563971
"1928";"Sweden";0,138341812967532
"1929";"Sweden";0,136425075364261
"1930";"Sweden";0,134766360216843
"1931";"Sweden";0,133433575518305
"1932";"Sweden";0,132481285630801
"1933";"Sweden";0,131948477414213
"1934";"Sweden";0,131856964099532
"1935";"Sweden";0,132210492252613
"1936";"Sweden";0,13299458838933
"1937";"Sweden";0,13417715152172
"1938";"Sweden";0,135709767376197
"1939";"Sweden";0,137529690479604
"1940";"Sweden";0,139562412966256
"1941";"Sweden";0,141724714938714
"1942";"Sweden";0,143928071500166
"1943";"Sweden";0,146082276974103
"1944";"Sweden";0,148099137935314
"1945";"Sweden";0,149896083859075
"1946";"Sweden";0,151399547568136
"1947";"Sweden";0,152547977081598
"1948";"Sweden";0,153294355560246
"1949";"Sweden";0,153608126181467
"1950";"Sweden";0,153476443139162
"1951";"Sweden";0,152904697552556
"1952";"Sweden";0,151916296753141
"1953";"Chinese Taipei";0,213221905256069
"1954";"Chinese Taipei";0,211894691367395
"1955";"Chinese Taipei";0,210091618610651
"1956";"Chinese Taipei";0,207886504996349
"1957";"Chinese Taipei";0,205369628134948
"1958";"Chinese Taipei";0,202644029260876
"1959";"Chinese Taipei";0,19982129471228
"1960";"Chinese Taipei";0,197016987573238
"1961";"Chinese Taipei";0,194345916507514
"1962";"Chinese Taipei";0,191917435478376
"1963";"Chinese Taipei";0,189830966784492
"1964";"Chinese Taipei";0,188171930699339
"1965";"Chinese Taipei";0,187008248355171
"1966";"Chinese Taipei";0,186387561043886
"1967";"Chinese Taipei";0,186335279776935
"1968";"Chinese Taipei";0,186853544955531
"1969";"Chinese Taipei";0,187921138742367
"1970";"Chinese Taipei";0,189494353722373
"1971";"Chinese Taipei";0,191508782289424
"1972";"Chinese Taipei";0,1938819535013
"1973";"Chinese Taipei";0,196516709449749
"1974";"Chinese Taipei";0,199305182916672
"1975";"Chinese Taipei";0,202133213470701
"1976";"Chinese Taipei";0,204885021208675
"1977";"Chinese Taipei";0,207447946798478
"1978";"Chinese Taipei";0,209717063765332
"1979";"Chinese Taipei";0,211599474194004
"1980";"Chinese Taipei";0,21301811198037
"1981";"Chinese Taipei";0,213914897926774
"1982";"Chinese Taipei";0,214253117511203
"1983";"Chinese Taipei";0,214018923984129
"1984";"Chinese Taipei";0,213221905256069
"1985";"Thailand";0,319186166767981
"1986";"Thailand";0,317730790163358
"1987";"Thailand";0,316133980470152
"1988";"Thailand";0,31446111126482
"1989";"Thailand";0,31278067000918
"1990";"Thailand";0,311161454165683
"1991";"Thailand";0,309669754621212
"1992";"Thailand";0,308366641730383
"1993";"Thailand";0,307305465088058
"1994";"Thailand";0,306529669390655
"1995";"Thailand";0,306071015805178
"1996";"Thailand";0,305948281663307
"1997";"Thailand";0,30616649171523
"1998";"Thailand";0,306716712415784
"1999";"Thailand";0,307576417664838
"2000";"Thailand";0,308710411028486
"2001";"Thailand";0,310072266685181
"2002";"Thailand";0,311606230104327
"2003";"Thailand";0,313249500643312
"2004";"Thailand";0,314934802613193
"2005";"Thailand";0,316593139553308
"2006";"Thailand";0,318156618954483
"2007";"Thailand";0,319561231786333
"2008";"Thailand";0,320749473034486
"2009";"Thailand";0,321672695962632
"2010";"Thailand";0,322293103715617
"2011";"Thailand";0,32258529672714
"2012";"Thailand";0,322537312580978
"2013";"Thailand";0,322151115753712
"2014";"Thailand";0,321442517188827
"2015";"Thailand";0,320440526994826
"2016";"Thailand";0,319186166767981
"2017";"Tunisia";0,170583664028349
"2018";"Tunisia";0,168715800683254
"2019";"Tunisia";0,166407828106878
"2020";"Tunisia";0,163754234967674
"2021";"Tunisia";0,160863659680545
"2022";"Tunisia";0,157854442737375
"2023";"Tunisia";0,154849781833383
"2024";"Tunisia";0,151972688139014
"2025";"Tunisia";0,149340950208158
"2026";"Tunisia";0,14706231170092
"2027";"Tunisia";0,145230060345516
"2028";"Tunisia";0,143919208727716
"2029";"Tunisia";0,143183423266771
"2030";"Tunisia";0,143052827105904
"2031";"Tunisia";0,143532766867285
"2032";"Tunisia";0,144603593760693
"2033";"Tunisia";0,146221468007294
"2034";"Tunisia";0,148320153645341
"2035";"Tunisia";0,150813730238226
"2036";"Tunisia";0,153600110467255
"2037";"Tunisia";0,156565219598464
"2038";"Tunisia";0,159587665715638
"2039";"Tunisia";0,162543709519616
"2040";"Tunisia";0,165312330229743
"2041";"Tunisia";0,167780180188848
"2042";"Tunisia";0,169846225329644
"2043";"Tunisia";0,171425881521317
"2044";"Tunisia";0,172454477453779
"2045";"Tunisia";0,1728899022887
"2046";"Tunisia";0,172714329682178
"2047";"Tunisia";0,171934947597352
"2048";"Tunisia";0,170583664028349
"2049";"Turkey";0,144598384916025
"2050";"Turkey";0,142413124682845
"2051";"Turkey";0,140010183128007
"2052";"Turkey";0,1374879369611
"2053";"Turkey";0,134949647236549
"2054";"Turkey";0,132499231833913
"2055";"Turkey";0,130237011047687
"2056";"Turkey";0,128255600462659
"2057";"Turkey";0,126636119260987
"2058";"Turkey";0,125444869193348
"2059";"Turkey";0,124730620177476
"2060";"Turkey";0,124522613652002
"2061";"Turkey";0,124829365428519
"2062";"Turkey";0,125638317053254
"2063";"Turkey";0,126916349951643
"2064";"Turkey";0,128611141306664
"2065";"Turkey";0,130653306161112
"2066";"Turkey";0,132959238045902
"2067";"Turkey";0,135434531838736
"2068";"Turkey";0,137977848720899
"2069";"Turkey";0,14048506500041
"2070";"Turkey";0,142853534948199
"2071";"Turkey";0,144986293126321
"2072";"Turkey";0,146796024164374
"2073";"Turkey";0,148208637461028
"2074";"Turkey";0,149166300461941
"2075";"Turkey";0,149629806331335
"2076";"Turkey";0,149580179084459
"2077";"Turkey";0,14901945046663
"2078";"Turkey";0,147970576773345
"2079";"Turkey";0,146476499016844
"2080";"Turkey";0,144598384916025
"2081";"Uruguay";0,200430583664295
"2082";"Uruguay";0,198019449978516
"2083";"Uruguay";0,195150386771707
"2084";"Uruguay";0,191940853828656
"2085";"Uruguay";0,188522249805156
"2086";"Uruguay";0,185034532751597
"2087";"Uruguay";0,181620490213943
"2088";"Uruguay";0,178419893494816
"2089";"Uruguay";0,175563775399952
"2090";"Uruguay";0,173169065739736
"2091";"Uruguay";0,171333804209022
"2092";"Uruguay";0,170133126630511
"2093";"Uruguay";0,169616188885343
"2094";"Uruguay";0,169804154465541
"2095";"Uruguay";0,170689328038167
"2096";"Uruguay";0,172235470493155
"2097";"Uruguay";0,174379282576733
"2098";"Uruguay";0,177032996370313
"2099";"Uruguay";0,180087968519386
"2100";"Uruguay";0,183419128105226
"2101";"Uruguay";0,186890097062995
"2102";"Uruguay";0,190358773515739
"2103";"Uruguay";0,193683149441931
"2104";"Uruguay";0,196727124500555
"2105";"Uruguay";0,199366077995059
"2106";"Uruguay";0,201491970859314
"2107";"Uruguay";0,203017768789676
"2108";"Uruguay";0,203881005439603
"2109";"Uruguay";0,204046339799219
"2110";"Uruguay";0,203507003060417
"2111";"Uruguay";0,202285075732653
"2112";"Uruguay";0,200430583664295
"2113";"United States of America";0,237916857949587
"2114";"United States of America";0,233577154592486
"2115";"United States of America";0,228622283712424
"2116";"United States of America";0,223255098305403
"2117";"United States of America";0,217695331572605
"2118";"United States of America";0,212170601017315
"2119";"United States of America";0,206907089757594
"2120";"United States of America";0,202120286562852
"2121";"United States of America";0,198006163718308
"2122";"United States of America";0,194733153896606
"2123";"United States of America";0,192435254504408
"2124";"United States of America";0,191206541812823
"2125";"United States of America";0,191097319463812
"2126";"United States of America";0,192112059033176
"2127";"United States of America";0,19420921696372
"2128";"United States of America";0,197302935363361
"2129";"United States of America";0,20126655703732
"2130";"United States of America";0,205937810848562
"2131";"United States of America";0,211125455117203
"2132";"United States of America";0,216617107077364
"2133";"United States of America";0,222187937852555
"2134";"United States of America";0,227609876976293
"2135";"United States of America";0,232660949623803
"2136";"United States of America";0,237134364287419
"2137";"United States of America";0,240846978845209
"2138";"United States of America";0,243646798420963
"2139";"United States of America";0,245419198072286
"2140";"United States of America";0,246091615549203
"2141";"United States of America";0,245636522001205
"2142";"United States of America";0,244072549011618
"2143";"United States of America";0,241463725818394
"2144";"United States of America";0,237916857949587
"2145";"Vietnam";0,16782203138044
"2146";"Vietnam";0,164719258933702
"2147";"Vietnam";0,16117589432999
"2148";"Vietnam";0,157337003332508
"2149";"Vietnam";0,153359750589743
"2150";"Vietnam";0,149406965296291
"2151";"Vietnam";0,145640474946499
"2152";"Vietnam";0,142214480097831
"2153";"Vietnam";0,139269241381929
"2154";"Vietnam";0,136925337217873
"2155";"Vietnam";0,135278727317536
"2156";"Vietnam";0,134396824083706
"2157";"Vietnam";0,134315732738396
"2158";"Vietnam";0,135038773170811
"2159";"Vietnam";0,136536344020693
"2160";"Vietnam";0,138747134561492
"2161";"Vietnam";0,14158063476871
"2162";"Vietnam";0,144920840810942
"2163";"Vietnam";0,148631004260361
"2164";"Vietnam";0,152559230589423
"2165";"Vietnam";0,156544697750668
"2166";"Vietnam";0,160424240250242
"2167";"Vietnam";0,164039029162387
"2168";"Vietnam";0,167241074604319
"2169";"Vietnam";0,169899284459421
"2170";"Vietnam";0,171904831303899
"2171";"Vietnam";0,173175607814299
"2172";"Vietnam";0,173659588250974
"2173";"Vietnam";0,173336958397982
"2174";"Vietnam";0,172220926759411
"2175";"Vietnam";0,170357183801674
"2176";"Vietnam";0,16782203138044
